{
    "e": {
        "start": 0.39304870492006444,
        "end": 0.40405006816210187
    },
    "a": {
        "start": 0.4090506878175734,
        "end": 0.4320535382327426
    },
    "u": {
        "start": 0.9811215764035196,
        "end": 0.982121700334614
    }
}