{
    "a": {
        "F1_max": 803.6510967759383,
        "F1_min": 672.7710830721466,
        "F2_max": 1298.3880999647097,
        "F2_min": 1032.4476665312966
    },
    "e": {
        "F1_max": 523.506471124584,
        "F1_min": 429.58017283937374,
        "F2_max": 2084.2664351725916,
        "F2_min": 1760.6585269767547
    },
    "i": {
        "F1_max": 450.7409129580895,
        "F1_min": 282.32003839831646,
        "F2_max": 2393.561274646479,
        "F2_min": 1769.190063042998
    },
    "o": {
        "F1_max": 640.4220146661435,
        "F1_min": 491.0853374663914,
        "F2_max": 912.0625156699609,
        "F2_min": 714.8495077002646
    },
    "u": {
        "F1_max": 355.62835994710326,
        "F1_min": 306.8437977235137,
        "F2_max": 773.7785789110417,
        "F2_min": 653.0545588108085
    }
}